{
  "AUD_USD": {
    "Haz": 0.7707,
    "Reps": 1,
    "Hold": 1427,
    "SL": 0.007,
    "TP": 0.00459,
    "Trail": null,
    "HazEx": null,
    "Coh": 0.2058,
    "Ent": 2.42955,
    "Stab": 0.0,
    "BE": 0.00231
  },
  "EUR_USD": {
    "Haz": 0.88855,
    "Reps": 1,
    "Hold": 1291,
    "SL": 0.00411,
    "TP": 0.00844,
    "Trail": null,
    "HazEx": null,
    "Coh": 0.19073,
    "Ent": 0.94733,
    "Stab": 0.0,
    "BE": 0.00156
  },
  "GBP_USD": {
    "Haz": 0.91864,
    "Reps": 1,
    "Hold": 3295,
    "SL": 0.00347,
    "TP": 0.00186,
    "Trail": null,
    "HazEx": null,
    "Coh": 0.12593,
    "Ent": 0.98635,
    "Stab": 0.0,
    "BE": 0.00206
  },
  "NZD_USD": {
    "Haz": 0.90729,
    "Reps": 1,
    "Hold": 3741,
    "SL": 0.00506,
    "TP": 0.00258,
    "Trail": null,
    "HazEx": null,
    "Coh": 0.2802,
    "Ent": 2.00243,
    "Stab": 0.0,
    "BE": 0.00245
  },
  "USD_CAD": {
    "Haz": 0.93094,
    "Reps": 1,
    "Hold": 2452,
    "SL": 0.00373,
    "TP": 0.00557,
    "Trail": null,
    "HazEx": null,
    "Coh": 0.16667,
    "Ent": 2.31951,
    "Stab": 0.0,
    "BE": 0.00209
  },
  "USD_CHF": {
    "Haz": 0.86987,
    "Reps": 1,
    "Hold": 3735,
    "SL": 0.008,
    "TP": 0.0064,
    "Trail": null,
    "HazEx": null,
    "Coh": 0.28142,
    "Ent": 2.5,
    "Stab": 0.0,
    "BE": 0.0025
  },
  "USD_JPY": {
    "Haz": 0.72362,
    "Reps": 1,
    "Hold": 1162,
    "SL": 0.00773,
    "TP": 0.00794,
    "Trail": null,
    "HazEx": null,
    "Coh": 0.08143,
    "Ent": 0.98879,
    "Stab": 0.0,
    "BE": 0.00246
  }
}
